id,tag_id,taggable_id,taggable_type,context
6,1,11,Spotlight::Exhibit,tags
7,1,12,Spotlight::Exhibit,tags
10,1,13,Spotlight::Exhibit,tags
11,1,15,Spotlight::Exhibit,tags
12,1,16,Spotlight::Exhibit,tags
15,1,17,Spotlight::Exhibit,tags
18,1,18,Spotlight::Exhibit,tags
19,1,19,Spotlight::Exhibit,tags
22,1,20,Spotlight::Exhibit,tags
23,1,21,Spotlight::Exhibit,tags
24,1,22,Spotlight::Exhibit,tags
13,1,23,Spotlight::Exhibit,tags
26,1,24,Spotlight::Exhibit,tags
28,1,25,Spotlight::Exhibit,tags
29,1,26,Spotlight::Exhibit,tags
3,1,27,Spotlight::Exhibit,tags
30,1,28,Spotlight::Exhibit,tags
2,1,31,Spotlight::Exhibit,tags
5,1,32,Spotlight::Exhibit,tags
14,1,40,Spotlight::Exhibit,tags
27,1,46,Spotlight::Exhibit,tags
8,2,48,Spotlight::Exhibit,tags
20,2,49,Spotlight::Exhibit,tags
17,2,50,Spotlight::Exhibit,tags
1,2,51,Spotlight::Exhibit,tags
9,2,52,Spotlight::Exhibit,tags
4,2,53,Spotlight::Exhibit,tags
25,2,54,Spotlight::Exhibit,tags
21,2,55,Spotlight::Exhibit,tags
16,2,56,Spotlight::Exhibit,tags